-- phpMyAdmin SQL Dump
-- version 4.8.0.1
-- https://www.phpmyadmin.net/
--
-- Host: 127.0.0.1
-- Generation Time: Aug 23, 2019 at 12:37 PM
-- Server version: 10.1.32-MariaDB
-- PHP Version: 5.6.36

SET SQL_MODE = "NO_AUTO_VALUE_ON_ZERO";
SET AUTOCOMMIT = 0;
START TRANSACTION;
SET time_zone = "+00:00";


/*!40101 SET @OLD_CHARACTER_SET_CLIENT=@@CHARACTER_SET_CLIENT */;
/*!40101 SET @OLD_CHARACTER_SET_RESULTS=@@CHARACTER_SET_RESULTS */;
/*!40101 SET @OLD_COLLATION_CONNECTION=@@COLLATION_CONNECTION */;
/*!40101 SET NAMES utf8mb4 */;

--
-- Database: `dewi`
--

-- --------------------------------------------------------

--
-- Table structure for table `bencana`
--

CREATE TABLE `bencana` (
  `kd_bencana` varchar(10) NOT NULL,
  `kd_operator` varchar(10) DEFAULT NULL,
  `group` varchar(6) NOT NULL,
  `stt_data` enum('Awal','Final') NOT NULL,
  `bulan` int(2) NOT NULL,
  `tgl_kejadian` date NOT NULL,
  `bencana` enum('Ya','Tidak') NOT NULL,
  `kd_jenis` varchar(10) DEFAULT NULL,
  `kd_jenis2` varchar(10) DEFAULT NULL,
  `jml_kejadian` varchar(3) DEFAULT NULL,
  `kd_kab` varchar(10) DEFAULT NULL,
  `kd_kec` varchar(10) DEFAULT NULL,
  `kd_nag` varchar(10) DEFAULT NULL,
  `kd_jor` varchar(10) DEFAULT NULL,
  `meninggal` int(5) NOT NULL,
  `hilang` int(5) NOT NULL,
  `luka` int(5) NOT NULL,
  `menderita` int(5) NOT NULL,
  `mengunsi_kk` int(5) NOT NULL,
  `mengunsi_jiwa` int(5) NOT NULL,
  `terisolir_kk` int(5) NOT NULL,
  `terisolir_jiwa` int(5) NOT NULL,
  `rmh_rb` int(5) NOT NULL,
  `rmh_rs` int(5) NOT NULL,
  `rmh_rr` int(5) NOT NULL,
  `terendam` int(5) NOT NULL,
  `hanyut` int(5) NOT NULL,
  `sekolah` int(5) NOT NULL,
  `sarkes` int(5) NOT NULL,
  `tmp_ibadah` int(5) NOT NULL,
  `kantor` int(5) NOT NULL,
  `pasar` int(5) NOT NULL,
  `kios` int(5) NOT NULL,
  `bangunan_lain` int(5) NOT NULL,
  `irigasi` int(5) NOT NULL,
  `bendungan` int(5) NOT NULL,
  `jembatan` int(5) NOT NULL,
  `jln_meter` int(5) NOT NULL,
  `jln_titik` int(5) NOT NULL,
  `tebing_sungai` int(5) NOT NULL,
  `sawah` int(5) NOT NULL,
  `kebun` int(5) NOT NULL,
  `kolam_ha` int(5) NOT NULL,
  `kolam_p` int(5) NOT NULL,
  `ternak` int(5) NOT NULL,
  `taksiran_kerugian` int(18) NOT NULL,
  `validasi` enum('Pending','Perbaiki','Ok') NOT NULL,
  `tgl_input` datetime NOT NULL
) ENGINE=InnoDB DEFAULT CHARSET=latin1;

--
-- Dumping data for table `bencana`
--

INSERT INTO `bencana` (`kd_bencana`, `kd_operator`, `group`, `stt_data`, `bulan`, `tgl_kejadian`, `bencana`, `kd_jenis`, `kd_jenis2`, `jml_kejadian`, `kd_kab`, `kd_kec`, `kd_nag`, `kd_jor`, `meninggal`, `hilang`, `luka`, `menderita`, `mengunsi_kk`, `mengunsi_jiwa`, `terisolir_kk`, `terisolir_jiwa`, `rmh_rb`, `rmh_rs`, `rmh_rr`, `terendam`, `hanyut`, `sekolah`, `sarkes`, `tmp_ibadah`, `kantor`, `pasar`, `kios`, `bangunan_lain`, `irigasi`, `bendungan`, `jembatan`, `jln_meter`, `jln_titik`, `tebing_sungai`, `sawah`, `kebun`, `kolam_ha`, `kolam_p`, `ternak`, `taksiran_kerugian`, `validasi`, `tgl_input`) VALUES
('BC1464787', 'Us4534', '', 'Awal', 3, '2018-10-24', 'Ya', 'JB21980', 'JB55896', '1', '1375', '1375030', '', '', 1, 1, 1, 1, 1, 1, 1, 1, 1, 1, 1, 1, 1, 1, 1, 1, 1, 1, 1, 1, 1, 1, 1, 1, 1, 1, 1, 1, 1, 1, 1, 2147483647, 'Pending', '2018-10-13 21:20:02'),
('BC2431167', 'Us4534', '', 'Awal', 4, '2018-10-13', 'Tidak', 'JB21980', 'JB21980', '1', '1374', '', '', '', 1, 1, 1, 1, 1, 1, 1, 1, 1, 1, 1, 1, 1, 1, 1, 1, 1, 1, 1, 1, 1, 1, 1, 1, 1, 1, 1, 1, 1, 1, 1, 324234234, 'Pending', '2018-10-13 21:21:14'),
('BC6030078', 'Us3242342', '', 'Final', 2, '2018-08-24', 'Ya', 'JB21980', 'JB21980', '1', '1311', '1311020', '1311020001', '5230', 1, 1, 1, 1, 1, 1, 1, 1, 1, 1, 1, 1, 1, 1, 1, 1, 1, 1, 1, 1, 1, 1, 1, 1, 1, 1, 1, 1, 1, 1, 1, 23123123, 'Pending', '2018-08-24 21:32:36'),
('BC6667823', 'Us4534', '', 'Final', 2, '2018-08-25', 'Tidak', 'JB89920', 'JB55896', '1', '1311', '1311020', '1311020001', '5230', 1, 1, 1, 1, 1, 1, 1, 1, 1, 1, 1, 1, 1, 1, 1, 1, 1, 1, 1, 1, 1, 1, 1, 1, 1, 1, 1, 1, 1, 1, 1, 2147483647, 'Pending', '2018-08-24 21:37:33'),
('BC6875499', 'Us4534', '', 'Final', 4, '2018-08-07', 'Ya', 'JB86313', 'JB73999', '1', '1311', '1311020', '1311020001', '9823', 1, 4, 1, 1, 1, 1, 1, 1, 5, 1, 1, 1, 1, 1, 1, 1, 1, 1, 1, 1, 1, 1, 1, 1, 1, 1, 1, 1, 1, 1, 1, 6666666, 'Pending', '2018-08-07 10:11:15'),
('BC7170020', 'Us3242342', '', 'Awal', 2, '2018-08-25', 'Tidak', 'JB89920', 'JB89920', '1', '1311', '1311020', '1311020001', '5230', 1, 1, 1, 1, 1, 1, 1, 1, 1, 1, 1, 1, 1, 1, 1, 1, 1, 1, 1, 1, 1, 1, 1, 1, 1, 1, 1, 1, 1, 1, 1, 54654647, 'Pending', '2018-08-24 21:35:23'),
('BC9590260', 'Us4534', 'IV', 'Awal', 2, '2018-10-19', 'Ya', 'JB21980', 'JB21980', '3', '1377', '1377020', '1377020009', '', 9, 9, 9, 9, 9, 9, 9, 9, 9, 9, 9, 9, 9, 9, 9, 9, 9, 9, 9, 9, 9, 9, 9, 9, 9, 9, 9, 9, 9, 9, 9, 2147483647, 'Pending', '2018-10-19 21:32:45'),
('BC9846548', 'Us4534', '', 'Final', 3, '2018-08-06', 'Ya', 'JB73999', 'JB86313', '2', '1311', '1311020', '1311020001', '5230', 100, 4, 4, 4, 4, 4, 4, 4, 4, 4, 4, 4, 4, 4, 4, 4, 4, 4, 4, 4, 4, 4, 4, 4, 4, 4, 4, 4, 4, 4, 4, 3423423, 'Pending', '2018-08-10 09:55:36');

-- --------------------------------------------------------

--
-- Table structure for table `berita`
--

CREATE TABLE `berita` (
  `kd_berita` varchar(10) NOT NULL,
  `judul` varchar(200) NOT NULL,
  `isi` text NOT NULL,
  `foto` text NOT NULL,
  `tgl_input` datetime NOT NULL DEFAULT CURRENT_TIMESTAMP
) ENGINE=InnoDB DEFAULT CHARSET=latin1;

-- --------------------------------------------------------

--
-- Table structure for table `jenis_bencana`
--

CREATE TABLE `jenis_bencana` (
  `kd_jenis` varchar(10) NOT NULL,
  `nm_jenis` varchar(30) NOT NULL
) ENGINE=InnoDB DEFAULT CHARSET=latin1;

--
-- Dumping data for table `jenis_bencana`
--

INSERT INTO `jenis_bencana` (`kd_jenis`, `nm_jenis`) VALUES
('JB21980', 'Abrasi Sungai'),
('JB42345', 'Abrasi Pantai'),
('JB55896', 'Banjir'),
('JB73999', 'Erupsi Gunung Merapi'),
('JB86313', 'Banjir Bandang'),
('JB89920', 'Amblas');

-- --------------------------------------------------------

--
-- Table structure for table `jorong`
--

CREATE TABLE `jorong` (
  `kd_jor` varchar(10) NOT NULL,
  `kd_nag` varchar(10) NOT NULL,
  `nm_jor` varchar(35) NOT NULL
) ENGINE=InnoDB DEFAULT CHARSET=latin1;

--
-- Dumping data for table `jorong`
--

INSERT INTO `jorong` (`kd_jor`, `kd_nag`, `nm_jor`) VALUES
('4566', '1311011004', 'BUNGO'),
('5230', '1311020001', 'LUBUK AGAM'),
('7292', '1311020001', 'PADANG KAWANG'),
('9823', '1311020001', 'PASAR BANDA');

-- --------------------------------------------------------

--
-- Table structure for table `kabupaten`
--

CREATE TABLE `kabupaten` (
  `kd_kab` varchar(10) NOT NULL,
  `nm_kab` varchar(35) NOT NULL
) ENGINE=InnoDB DEFAULT CHARSET=latin1;

--
-- Dumping data for table `kabupaten`
--

INSERT INTO `kabupaten` (`kd_kab`, `nm_kab`) VALUES
('1307', 'KABUPATEN PENAJAM PASER UTARA');

-- --------------------------------------------------------

--
-- Table structure for table `kecamatan`
--

CREATE TABLE `kecamatan` (
  `kd_kec` varchar(10) NOT NULL,
  `kd_kab` varchar(10) NOT NULL,
  `nm_kec` varchar(35) NOT NULL
) ENGINE=InnoDB DEFAULT CHARSET=latin1;

--
-- Dumping data for table `kecamatan`
--

INSERT INTO `kecamatan` (`kd_kec`, `kd_kab`, `nm_kec`) VALUES
('1301011', '1301', 'PAGAI SELATAN'),
('1301012', '1301', 'SIKAKAP'),
('1301013', '1301', 'PAGAI UTARA'),
('1301021', '1301', 'SIPORA SELATAN'),
('1301022', '1301', 'SIPORA UTARA'),
('1301030', '1301', 'SIBERUT SELATAN'),
('1301031', '1301', 'SEBERUT BARAT DAYA'),
('1301032', '1301', 'SIBERUT TENGAH'),
('1301040', '1301', 'SIBERUT UTARA'),
('1301041', '1301', 'SIBERUT BARAT'),
('1302011', '1302', 'SILAUT'),
('1302012', '1302', 'LUNANG'),
('1302020', '1302', 'BASA AMPEK BALAI TAPAN'),
('1302021', '1302', 'RANAH AMPEK HULU TAPAN'),
('1302030', '1302', 'PANCUNG SOAL'),
('1302031', '1302', 'AIRPURA'),
('1302040', '1302', 'LINGGO SARI BAGANTI'),
('1302050', '1302', 'RANAH PESISIR'),
('1302060', '1302', 'LENGAYANG'),
('1302070', '1302', 'SUTERA'),
('1302080', '1302', 'BATANG KAPAS'),
('1302090', '1302', 'IV JURAI'),
('1302100', '1302', 'BAYANG'),
('1302101', '1302', 'IV  NAGARI BAYANG UTARA'),
('1302110', '1302', 'KOTO XI TARUSAN'),
('1303040', '1303', 'PANTAI CERMIN'),
('1303050', '1303', 'LEMBAH GUMANTI'),
('1303051', '1303', 'HILIRAN GUMANTI'),
('1303060', '1303', 'PAYUNG SEKAKI'),
('1303061', '1303', 'TIGO LURAH'),
('1303070', '1303', 'LEMBANG JAYA'),
('1303071', '1303', 'DANAU KEMBAR'),
('1303080', '1303', 'GUNUNG TALANG'),
('1303090', '1303', 'BUKIT SUNDI'),
('1303100', '1303', 'IX KOTO SUNGAI LASI'),
('1303110', '1303', 'KUBUNG'),
('1303120', '1303', 'X KOTO DIATAS'),
('1303130', '1303', 'X KOTO SINGKARAK'),
('1303140', '1303', 'JUNJUNG SIRIH'),
('1304050', '1304', 'KAMANG BARU'),
('1304060', '1304', 'TANJUNG GADANG'),
('1304070', '1304', 'SIJUNJUNG'),
('1304071', '1304', 'LUBUK TAROK'),
('1304080', '1304', 'IV NAGARI'),
('1304090', '1304', 'KUPITAN'),
('1304100', '1304', 'KOTO TUJUH'),
('1304110', '1304', 'SUMPUR KUDUS'),
('1305010', '1305', 'SEPULUH KOTO'),
('1305020', '1305', 'BATIPUH'),
('1305021', '1305', 'BATIPUH SELATAN'),
('1305030', '1305', 'PARIANGAN'),
('1305040', '1305', 'RAMBATAN'),
('1305050', '1305', 'LIMA KAUM'),
('1305060', '1305', 'TANJUNG EMAS'),
('1305070', '1305', 'PADANG GANTING'),
('1305080', '1305', 'LINTAU BUO'),
('1305081', '1305', 'LINTAU BUO UTARA'),
('1305090', '1305', 'SUNGAYANG'),
('1305100', '1305', 'SUNGAI TARAB'),
('1305110', '1305', 'SALIMPAUNG'),
('1305111', '1305', 'TANJUNG BARU'),
('1306010', '1306', 'BATANG ANAI'),
('1306020', '1306', 'LUBUK ALUNG'),
('1306021', '1306', 'SINTUK TOBOH GADANG'),
('1306030', '1306', 'ULAKAN TAPAKIS'),
('1306040', '1306', 'NAN SABARIS'),
('1306050', '1306', '2 X 11 ENAM LINGKUNG'),
('1306051', '1306', 'ENAM LINGKUNG'),
('1306052', '1306', '2 X 11 KAYU TANAM'),
('1306060', '1306', 'VII KOTO SUNGAI SARIAK'),
('1306061', '1306', 'PATAMUAN'),
('1306062', '1306', 'PADANG SAGO'),
('1306070', '1306', 'V KOTO KP DALAM'),
('1306071', '1306', 'V KOTO TIMUR'),
('1306080', '1306', 'SUNGAI LIMAU'),
('1306081', '1306', 'BATANG GASAN'),
('1306090', '1306', 'SUNGAI GERINGGING'),
('1306100', '1306', 'IV KOTO AUR MALINTANG'),
('1307070', '1307', 'PASER BABULU'),
('1308010', '1308', 'PAYAKUMBUH'),
('1308011', '1308', 'AKABILURU'),
('1308020', '1308', 'LUAK'),
('1308021', '1308', 'LAREH SAGO HALABAN'),
('1308022', '1308', 'SITUJUAH LIMO NAGARI'),
('1308030', '1308', 'HARAU'),
('1308040', '1308', 'GUGUAK'),
('1308041', '1308', 'MUNGKA'),
('1308050', '1308', 'SULIKI'),
('1308051', '1308', 'BUKIK BARISAN'),
('1308060', '1308', 'GUNUANG OMEH'),
('1308070', '1308', 'KAPUR IX'),
('1308080', '1308', 'PANGKALAN KOTO BARU'),
('1309070', '1309', 'BONJOL'),
('1309071', '1309', 'TIGO NAGARI'),
('1309072', '1309', 'SIMPANG ALAHAN MATI'),
('1309080', '1309', 'LUBUK SIKAPING'),
('1309100', '1309', 'DUA KOTO'),
('1309110', '1309', 'PANTI'),
('1309111', '1309', 'PADANG GELUGUR'),
('1309121', '1309', 'RAO'),
('1309122', '1309', 'MAPAT TUNGGUL'),
('1309123', '1309', 'MAPAT TUNGGUL SELATAN'),
('1309124', '1309', 'RAO SELATAN'),
('1309125', '1309', 'RAO UTARA'),
('1310010', '1310', 'SANGIR'),
('1310020', '1310', 'SANGIR JUJUAN'),
('1310021', '1310', 'SANGIR BALAI JANGGO'),
('1310030', '1310', 'SANGIR BATANG HARI'),
('1310040', '1310', 'SUNGAI PAGU'),
('1310041', '1310', 'PAUAH DUO'),
('1310050', '1310', 'KOTO PARIK GADANG DIATEH'),
('1311010', '1311', 'SUNGAI RUMBAI'),
('1311011', '1311', 'KOTO BESAR'),
('1311012', '1311', 'ASAM JUJUHAN'),
('1311020', '1311', 'KOTO BARU'),
('1311021', '1311', 'KOTO SALAK'),
('1311022', '1311', 'TIUMANG'),
('1311023', '1311', 'PADANG LAWEH'),
('1311030', '1311', 'SITIUNG'),
('1311031', '1311', 'TIMPEH'),
('1311040', '1311', 'PULAU PUNJUNG'),
('1311041', '1311', 'IX KOTO'),
('1312010', '1312', 'SUNGAI BEREMAS'),
('1312020', '1312', 'RANAH BATAHAN'),
('1312030', '1312', 'KOTO BALINGKA'),
('1312040', '1312', 'SUNGAI AUR'),
('1312050', '1312', 'LEMBAH MALINTANG'),
('1312060', '1312', 'GUNUNG TULEH'),
('1312070', '1312', 'TALAMAU'),
('1312080', '1312', 'PASAMAN'),
('1312090', '1312', 'LUHAK NAN DUO'),
('1312100', '1312', 'SASAK RANAH PASISIE'),
('1312110', '1312', 'KINALI'),
('1371010', '1371', 'BUNGUS TELUK KABUNG'),
('1371020', '1371', 'LUBUK KILANGAN'),
('1371030', '1371', 'LUBUK BEGALUNG'),
('1371040', '1371', 'PADANG SELATAN'),
('1371050', '1371', 'PADANG TIMUR'),
('1371060', '1371', 'PADANG BARAT'),
('1371070', '1371', 'PADANG UTARA'),
('1371080', '1371', 'NANGGALO'),
('1371090', '1371', 'KURANJI'),
('1371100', '1371', 'PAUH'),
('1371110', '1371', 'KOTO TANGAH'),
('1372010', '1372', 'LUBUK SIKARAH'),
('1372020', '1372', 'TANJUNG HARAPAN'),
('1373010', '1373', 'SILUNGKANG'),
('1373020', '1373', 'LEMBAH SEGAR'),
('1373030', '1373', 'BARANGIN'),
('1373040', '1373', 'TALAWI'),
('1374010', '1374', 'PADANG PANJANG BARAT'),
('1374020', '1374', 'PADANG PANJANG TIMUR'),
('1375010', '1375', 'GUGUK PANJANG'),
('1375020', '1375', 'MANDIANGIN KOTO SELAYAN'),
('1375030', '1375', 'AUR BIRUGO TIGO BALEH'),
('1376010', '1376', 'PAYAKUMBUH BARAT'),
('1376011', '1376', 'PAYAKUMBUH SELATAN'),
('1376020', '1376', 'PAYAKUMBUH TIMUR'),
('1376030', '1376', 'PAYAKUMBUH UTARA'),
('1376031', '1376', 'LAMPOSI TIGO NAGORI'),
('1377010', '1377', 'PARIAMAN SELATAN'),
('1377020', '1377', 'PARIAMAN TENGAH'),
('1377021', '1377', 'PARIAMAN TIMUR'),
('1377030', '1377', 'PARIAMAN UTARA');

-- --------------------------------------------------------

--
-- Table structure for table `nagari`
--

CREATE TABLE `nagari` (
  `kd_nag` varchar(10) NOT NULL,
  `kd_kec` varchar(10) NOT NULL,
  `nm_nag` varchar(35) NOT NULL
) ENGINE=InnoDB DEFAULT CHARSET=latin1;

--
-- Dumping data for table `nagari`
--

INSERT INTO `nagari` (`kd_nag`, `kd_kec`, `nm_nag`) VALUES
('1301030005', '1301030', 'MAILEPPET'),
('1301030006', '1301030', 'MUNTEI'),
('1301030008', '1301030', 'MATOTONAN'),
('1301031001', '1301031', 'PASAKIAT TEILELEU'),
('1301031002', '1301031', 'KATUREI'),
('1301031003', '1301031', 'SAGULUBBEG'),
('1301032001', '1301032', 'SALIGUMA'),
('1301032002', '1301032', 'SAIBI SAMUKOP'),
('1301032003', '1301032', 'CIMPUNGAN'),
('1301040003', '1301040', 'SIRILOGUI'),
('1301040004', '1301040', 'MUARA SIKABALUAN'),
('1301040005', '1301040', 'MONGAN POULA'),
('1301040006', '1301040', 'SOTBOYAK'),
('1301040007', '1301040', 'BOJAKAN'),
('1301040009', '1301040', 'MALANCAN'),
('1301041001', '1301041', 'SIMATALU'),
('1301041002', '1301041', 'SIMALEGI'),
('1301041003', '1301041', 'SIGAPOKNA'),
('1302011001', '1302011', 'SILAUT'),
('1302011002', '1302011', 'SAMBUNGO'),
('1302011003', '1302011', 'AIR HITAM'),
('1302011004', '1302011', 'LUBUK BUNTA'),
('1302011005', '1302011', 'DURIAN SERIBU'),
('1302011006', '1302011', 'PASIR BINJAI'),
('1302011007', '1302011', 'TALANG BINJAI'),
('1302050007', '1302050', 'PELANGAI GADANG'),
('1302050008', '1302050', 'KOTO VIII PELANGAI'),
('1302050009', '1302050', 'PASIA PELANGAI'),
('1302050010', '1302050', 'SUNGAI LIKU PELANGAI'),
('1302060001', '1302060', 'LAKITAN'),
('1302060002', '1302060', 'KAMBANG'),
('1302060003', '1302060', 'LAKITAN SELATAN'),
('1302060004', '1302060', 'LAKITAN TENGAH'),
('1302060005', '1302060', 'LAKITAN TIMUR'),
('1302060006', '1302060', 'LAKITAN UTARA'),
('1302060007', '1302060', 'KAMBANG BARAT'),
('1302060008', '1302060', 'KAMBANG UTARA'),
('1302060009', '1302060', 'KAMBANG TIMUR'),
('1302070001', '1302070', 'AMPING PARAK'),
('1302070002', '1302070', 'SURANTIH'),
('1302070003', '1302070', 'TARATAK'),
('1302070004', '1302070', 'AMPING PARAK TIMUR'),
('1302070005', '1302070', 'AUR DURI SURANTIH'),
('1302070006', '1302070', 'RAWANG GUNUNG MALELO SURANTIH'),
('1302070007', '1302070', 'KOTO NAN TIGO SELATAN SURANTIH'),
('1302070008', '1302070', 'KOTO NAN TIGO UTARA SURANTIH'),
('1302070009', '1302070', 'GANTIANG MUDIAK SELATAN SURANTIH'),
('1302070010', '1302070', 'GANTIANG MUDIAK UTARA SURANTIH'),
('1302070011', '1302070', 'LANSANO TARATAK'),
('1302070012', '1302070', 'KOTO TARATAK'),
('1302080001', '1302080', 'IV KOTO HILIE'),
('1302080002', '1302080', 'IV KOTO MUDIEK'),
('1302080003', '1302080', 'TALUK'),
('1302080004', '1302080', 'KOTO NAN TIGO IV KOTO HILIE'),
('1302080005', '1302080', 'KOTO NAN DUO IV KOTO HILIE'),
('1302080006', '1302080', 'SUNGAI NYALO IV KOTO MUDIEK'),
('1302080007', '1302080', 'TUIK IV KOTO MUDIEK'),
('1302080008', '1302080', 'TARATAK TEMPATIH IV KOTO MUDIEK'),
('1302080009', '1302080', 'TALUK TIGO SAKATO'),
('1302090001', '1302090', 'SALIDO'),
('1302090002', '1302090', 'PAINAN'),
('1302090003', '1302090', 'LUMPO'),
('1302090004', '1302090', 'TAMBANG'),
('1302090005', '1302090', 'BUNGO PASANG SALIDO'),
('1302090006', '1302090', 'SAGO SALIDO'),
('1302090007', '1302090', 'PAINAN SELATAN PAINAN'),
('1302090008', '1302090', 'PAINAN TIMUR PAINAN'),
('1302090009', '1302090', 'BUKIK KACIAK LUMPO'),
('1302090010', '1302090', 'SUNGAI SARIAK LUMPO'),
('1302090011', '1302090', 'SUNGAI GAYO LUMPO'),
('1302090012', '1302090', 'GUNUNG BUNGKUAK LUMPO'),
('1302090013', '1302090', 'AMPANG TAREH LUMPO'),
('1302090014', '1302090', 'AMPUAN LUMPO'),
('1302090015', '1302090', 'BALAI SINAYAN LUMPO'),
('1302090016', '1302090', 'TARATAK TANGAH LUMPO'),
('1302090017', '1302090', 'BATU KUNIK LUMPO'),
('1302090018', '1302090', 'LIMAU GADANG LUMPO'),
('1302090019', '1302090', 'KOTO RAWANG'),
('1302090020', '1302090', 'SALIDO SARI BULAN'),
('1302100001', '1302100', 'PASAR BARU'),
('1302100002', '1302100', 'TALAOK'),
('1302100003', '1302100', 'KOTO BARAPAK'),
('1302100004', '1302100', 'GURUN PANJANG'),
('1302100005', '1302100', 'API-API PASAR BARU'),
('1302100006', '1302100', 'TANJUNG DURIAN PASAR BARU'),
('1302100007', '1302100', 'ASAM KAMBA PASAR BARU'),
('1302100008', '1302100', 'SAWAH LAWEH PASAR BARU'),
('1302100009', '1302100', 'KAPEH PANJI JAYA TALAOK'),
('1302100010', '1302100', 'AUR BEGALUNG TALAOK'),
('1302100011', '1302100', 'KAPELGAM KOTO BARAPAK'),
('1302100012', '1302100', 'KAPUJAN KOTO BARAPAK'),
('1302100013', '1302100', 'KOTO BARU KOTO BARAPAK'),
('1302100014', '1302100', 'KUBANG KOTO BARAPAK'),
('1302100015', '1302100', 'GURUN PANJANG SELATAN'),
('1302100016', '1302100', 'GURUN PANJANG UTARA'),
('1302100017', '1302100', 'GURUN PANJANG BARAT'),
('1302101001', '1302101', 'PULUIK PULUIK'),
('1302101002', '1302101', 'KOTO RANAH'),
('1302101003', '1302101', 'MUARO AIE'),
('1302101004', '1302101', 'PANCUANG TABA'),
('1302101005', '1302101', 'PULUIK PULUIK SELATAN'),
('1302101006', '1302101', 'LIMAU GADANG PANCUNG TABA'),
('1302110001', '1302110', 'KAPUH'),
('1302110002', '1302110', 'AMPANG PULAI'),
('1302110003', '1302110', 'NANGGALO'),
('1302110004', '1302110', 'BATU HAMPAR'),
('1302110005', '1302110', 'DUKU'),
('1302110006', '1302110', 'BARUNG BARUNG BALANTAI'),
('1302110007', '1302110', 'SUNGAI PINANG'),
('1302110008', '1302110', 'SIGUNTUR'),
('1302110009', '1302110', 'TARATAK SUNGAI LUNDANG'),
('1302110010', '1302110', 'KAPUH UTARA'),
('1302110011', '1302110', 'MANDEH'),
('1302110012', '1302110', 'BARUNG BARUNG BALANTAI SELATAN'),
('1302110013', '1302110', 'JINANG KAMPUNG PANSUR AMPANG PULAI'),
('1302110014', '1302110', 'PULAU KARAM AMPANG PULAI'),
('1302110015', '1302110', 'CEROCOK ANAU AMPANG PULAI'),
('1302110016', '1302110', 'SUNGAI NYALO MUDIAK AIE'),
('1302110017', '1302110', 'SETARA NANGGALO'),
('1302110018', '1302110', 'BATU HAMPAR SELATAN'),
('1302110019', '1302110', 'DUKU UTARA'),
('1302110020', '1302110', 'BARUNG-BARUNG BALANTAI TIMUR'),
('1302110021', '1302110', 'SIGUNTUR TUA'),
('1302110022', '1302110', 'KAMPUNG BARU KORONG NAN AMPEK'),
('1302110023', '1302110', 'BARUNG-BARUNG BALANTAI TENGAH'),
('1303040001', '1303040', 'SURIAN'),
('1303040002', '1303040', 'LOLO'),
('1303050001', '1303050', 'ALAHAN PANJANG'),
('1303050002', '1303050', 'SUNGAI NANAM'),
('1303050003', '1303050', 'SALIMPEK'),
('1303050004', '1303050', 'AIE DINGIN'),
('1303051001', '1303051', 'SUNGAI ABU'),
('1303051002', '1303051', 'SARIAK ALAHAN TIGO'),
('1303051003', '1303051', 'TALANG BABUNGO'),
('1303060001', '1303060', 'SIRUKAM'),
('1303060002', '1303060', 'SUPAYANG'),
('1303060003', '1303060', 'AIA LUO'),
('1303061001', '1303061', 'RANGKIANG LULUIH'),
('1303061002', '1303061', 'BATU BAJANJANG'),
('1303061003', '1303061', 'SIMANAU'),
('1303061004', '1303061', 'TANJUANG BALIK SUMISO'),
('1303061005', '1303061', 'GARABAK DATA'),
('1303070001', '1303070', 'KOTO ANAU'),
('1303070002', '1303070', 'BATU BANYAK'),
('1303070003', '1303070', 'LIMAU LUNGGO'),
('1303070004', '1303070', 'KOTO LAWEH'),
('1303070005', '1303070', 'SALAYO TANANG BUKIK SILEH'),
('1303070006', '1303070', 'BATU BAJANJANG'),
('1303071001', '1303071', 'KAMPUANG BATU DALAM'),
('1303071002', '1303071', 'SIMPANG TANJUANG NAN IV'),
('1303080001', '1303080', 'CUPAK'),
('1303080002', '1303080', 'TALANG'),
('1303080003', '1303080', 'SUNGAI JANIAH'),
('1303080004', '1303080', 'KOTO GADANG GUGUAK'),
('1303080005', '1303080', 'KOTO GAEK GUGUAK'),
('1303080006', '1303080', 'JAWI-JAWI GUGUAK'),
('1303080007', '1303080', 'BATANG BARUS'),
('1303080008', '1303080', 'AIA BATUMBUAK'),
('1303090001', '1303090', 'MUARO PANEH'),
('1303090002', '1303090', 'KINARI'),
('1303090003', '1303090', 'PARAMBAHAN'),
('1303090004', '1303090', 'DILAM'),
('1303090005', '1303090', 'BUKIK TANDANG'),
('1303100001', '1303100', 'PIANGGU'),
('1303100002', '1303100', 'TARUANG-TARUANG'),
('1303100003', '1303100', 'SIARO-ARO'),
('1303100004', '1303100', 'INDUDUA'),
('1303100005', '1303100', 'GUGUAK SARAI'),
('1303100006', '1303100', 'SUNGAI DURIAN'),
('1303100007', '1303100', 'BUKIT BAIS'),
('1303100008', '1303100', 'KOTO LAWEH'),
('1303100009', '1303100', 'SUNGAI JAMBUA'),
('1303110001', '1303110', 'GAUANG'),
('1303110002', '1303110', 'PANYAKALAN'),
('1303110003', '1303110', 'SAOK LAWEH'),
('1303110004', '1303110', 'TANJUANG BINGKUANG'),
('1303110005', '1303110', 'GANTUANG CIRI'),
('1303110006', '1303110', 'KOTO HILALANG'),
('1303110007', '1303110', 'SELAYO'),
('1303110008', '1303110', 'KOTO BARU'),
('1303120001', '1303120', 'KATIALO'),
('1303120002', '1303120', 'TANJUANG BALIK'),
('1303120003', '1303120', 'PANINJAUAN'),
('1303120004', '1303120', 'LABUAH PANJANG'),
('1303120005', '1303120', 'SULIK AIA'),
('1303120006', '1303120', 'PASILIHAN'),
('1303120007', '1303120', 'BUKIK KANDUANG'),
('1303120008', '1303120', 'KUNCIA'),
('1303120009', '1303120', 'SIBERAMBANG'),
('1303130001', '1303130', 'KACANG'),
('1303130002', '1303130', 'TIKALAK'),
('1303130003', '1303130', 'SINGKARAK'),
('1303130004', '1303130', 'SUMANI'),
('1303130005', '1303130', 'SANIANG BAKA'),
('1303130006', '1303130', 'KOTO SANI'),
('1303130007', '1303130', 'TANJUANG ALAI'),
('1303130008', '1303130', 'ARIPAN'),
('1303140001', '1303140', 'MUARO PINGAI'),
('1303140002', '1303140', 'PANINGGAHAN'),
('1304050001', '1304050', 'SUNGAI LANSEK'),
('1304050002', '1304050', 'MUARO TAKUNG'),
('1304050003', '1304050', 'KUNANGAN PARIT RANTANG'),
('1304050004', '1304050', 'KAMANG'),
('1304050005', '1304050', 'AIR AMO'),
('1304050006', '1304050', 'SUNGAI BATUANG'),
('1304050007', '1304050', 'SIAUR'),
('1304050008', '1304050', 'LUBUK TARANTANG'),
('1304050009', '1304050', 'MALORO'),
('1304050010', '1304050', 'TANJUNG KALIANG'),
('1304050011', '1304050', 'PADANG TAROK'),
('1304060001', '1304060', 'LANGKI'),
('1304060002', '1304060', 'SIBAKUR'),
('1304060003', '1304060', 'PULASAN'),
('1304060004', '1304060', 'TANJUNG LOLO'),
('1304060005', '1304060', 'TANJUNG GADANG'),
('1304060006', '1304060', 'TARATAK BARU'),
('1304060007', '1304060', 'TIMBULUN'),
('1304060008', '1304060', 'SINYAMU'),
('1304060009', '1304060', 'TARATAK BARU UTARA'),
('1304070001', '1304070', 'MUARO'),
('1304070002', '1304070', 'KANDANG BARU'),
('1304070003', '1304070', 'PEMATANG PANJANG'),
('1304070004', '1304070', 'SIJUNJUNG'),
('1304070005', '1304070', 'AIA ANGEK'),
('1304070006', '1304070', 'SOLOK AMBAH'),
('1304070007', '1304070', 'PARUH'),
('1304070008', '1304070', 'MUARO SILOKEK'),
('1304070009', '1304070', 'DURIAN GADANG'),
('1304071001', '1304071', 'BULUH KASOK'),
('1304071002', '1304071', 'LUBUK TAROK'),
('1304071003', '1304071', 'LALAN'),
('1304071004', '1304071', 'SILONGO'),
('1304071005', '1304071', 'KAMPUNG DALAM'),
('1304071006', '1304071', 'LATANG'),
('1304080001', '1304080', 'MUNDAM SAKTI'),
('1304080002', '1304080', 'KOTO BARU'),
('1304080003', '1304080', 'MUARO BODI'),
('1304080004', '1304080', 'PALANGKI'),
('1304080005', '1304080', 'KOTO TUO'),
('1304090001', '1304090', 'BATU MANJULUA'),
('1304090002', '1304090', 'PADANG SIBUSUAK'),
('1304090003', '1304090', 'PAMUATAN'),
('1304090004', '1304090', 'KAMPUNG BARU'),
('1304100001', '1304100', 'LIMO KOTO'),
('1304100002', '1304100', 'PADANG LAWEH'),
('1304100003', '1304100', 'TANJUNG'),
('1304100004', '1304100', 'PALALUAR'),
('1304100005', '1304100', 'GUGUK'),
('1304100006', '1304100', 'BUKIT BUAL'),
('1304100007', '1304100', 'PADANG LAWEH SELATAN'),
('1304110001', '1304110', 'KUMANIS'),
('1304110002', '1304110', 'TANJUNG BONAI AUR'),
('1304110003', '1304110', 'SISAWAH'),
('1304110004', '1304110', 'TAMPARUNGO'),
('1304110005', '1304110', 'SUMPUR KUDUS'),
('1304110006', '1304110', 'MENGGANTI'),
('1304110007', '1304110', 'SEPAKAT SILANTAI'),
('1304110008', '1304110', 'UNGGAN'),
('1304110009', '1304110', 'TANJUNG BONAI AUR SELATAN'),
('1304110010', '1304110', 'TANJUANG LABUAH'),
('1304110011', '1304110', 'SUMPUR KUDUS SELATAN'),
('1305010001', '1305010', 'TAMBANGAN'),
('1305010002', '1305010', 'JAHO'),
('1305010003', '1305010', 'PANINJAUAN'),
('1305010004', '1305010', 'PANYALAIAN'),
('1305010005', '1305010', 'AIE ANGEK'),
('1305010006', '1305010', 'KOTO BARU'),
('1305010007', '1305010', 'PANDAI SIKEK'),
('1305010008', '1305010', 'SINGGALANG'),
('1305010009', '1305010', 'KOTO LAWEH'),
('1305020001', '1305020', 'TANJUNG BARULAK'),
('1305020002', '1305020', 'BUNGO TANJUNG'),
('1305020003', '1305020', 'PITALAH'),
('1305020004', '1305020', 'GUNUNG RAJO'),
('1305020005', '1305020', 'BATIPUH BARUAH'),
('1305020006', '1305020', 'BATIPUAH ATEH'),
('1305020007', '1305020', 'SABU'),
('1305020008', '1305020', 'ANDALEH'),
('1305021001', '1305021', 'GUGUAK MALALO'),
('1305021002', '1305021', 'PADANG LAWEH MALALO'),
('1305021003', '1305021', 'SUMPUR'),
('1305021004', '1305021', 'BATU TABA'),
('1305030001', '1305030', 'BATU BASA'),
('1305030002', '1305030', 'TABEK'),
('1305030003', '1305030', 'SAWAH TANGAH'),
('1305030004', '1305030', 'SIMABUR'),
('1305030005', '1305030', 'PARIANGAN'),
('1305030006', '1305030', 'SUNGAI JAMBU'),
('1305040001', '1305040', 'SIMAWANG'),
('1305040002', '1305040', 'BALIMBIANG'),
('1305040003', '1305040', 'III KOTO'),
('1305040004', '1305040', 'PADANG MAGEK'),
('1305040005', '1305040', 'RAMBATAN'),
('1305050001', '1305050', 'CUBADAK'),
('1305050002', '1305050', 'PARAMBAHAN'),
('1305050003', '1305050', 'LABUH'),
('1305050004', '1305050', 'LIMA KAUM'),
('1305050005', '1305050', 'BARINGIN'),
('1305060001', '1305060', 'PAGARUYUNG'),
('1305060002', '1305060', 'SARUASO'),
('1305060003', '1305060', 'KOTO TANGAH'),
('1305060004', '1305060', 'TANJUNG BARULAK'),
('1305070001', '1305070', 'PADANG GANTING'),
('1305070002', '1305070', 'ATAR'),
('1305080001', '1305080', 'TALUAK'),
('1305080002', '1305080', 'TIGO JANGKO'),
('1305080003', '1305080', 'PANGIAN'),
('1305080004', '1305080', 'BUO'),
('1305081001', '1305081', 'TEPI SELO'),
('1305081002', '1305081', 'LUBUAK JANTAN'),
('1305081003', '1305081', 'BALAI TANGAH'),
('1305081004', '1305081', 'BATU BULEK'),
('1305081005', '1305081', 'TANJUANG BONAI'),
('1305090001', '1305090', 'MINANGKABAU'),
('1305090002', '1305090', 'ANDALEH BARUH BUKIK'),
('1305090003', '1305090', 'SUNGAYANG'),
('1305090004', '1305090', 'TANJUANG'),
('1305090005', '1305090', 'SUNGAI PATAI'),
('1305100001', '1305100', 'TALANG TANGAH'),
('1305100002', '1305100', 'GURUN'),
('1305100003', '1305100', 'SIMPURUIK'),
('1305100004', '1305100', 'SUNGAI TARAB'),
('1305100005', '1305100', 'PADANG LAWEH'),
('1305100006', '1305100', 'KOTO TUO'),
('1305100007', '1305100', 'PASIE LAWEH'),
('1305100008', '1305100', 'KUMANGO'),
('1305100009', '1305100', 'RAO RAO'),
('1305100010', '1305100', 'KOTO BARU'),
('1305110001', '1305110', 'TABEK PATAH'),
('1305110002', '1305110', 'LAWANG MANDAHILIANG'),
('1305110003', '1305110', 'SALIMPAUNG'),
('1305110004', '1305110', 'SUPAYANG'),
('1305110005', '1305110', 'SITUMBUK'),
('1305110006', '1305110', 'SUMANIAK'),
('1305111001', '1305111', 'TANJUANG ALAM'),
('1305111002', '1305111', 'BARULAK'),
('1306010001', '1306010', 'KATAPIANG'),
('1306010002', '1306010', 'KASANG'),
('1306010003', '1306010', 'SUNGAI BULUH'),
('1306010004', '1306010', 'BUAYAN LUBUK ALUNG'),
('1306010005', '1306010', 'SUNGAI BULUH SELATAN'),
('1306010006', '1306010', 'SUNGAI BULUH BARAT'),
('1306010007', '1306010', 'SUNGAI BULUH TIMUR'),
('1306010008', '1306010', 'SUNGAI BULUH UTARA'),
('1306020001', '1306020', 'LUBUK ALUNG'),
('1306020002', '1306020', 'AIE TAJUN LUBUK ALUNG'),
('1306020003', '1306020', 'SIKABU LUBUK ALUNG'),
('1306020004', '1306020', 'PASIE LAWEH LUBUK ALUNG'),
('1306020005', '1306020', 'PUNGGUNG KASIAK LUBUK ALUNG'),
('1306020006', '1306020', 'BALAH HILIA LUBUK ALUNG'),
('1306020007', '1306020', 'SUNGAI ABANG LUBUK ALUNG'),
('1306020008', '1306020', 'SINGGULING LUBUK ALUNG'),
('1306020009', '1306020', 'SALIBUTAN LUBUK ALUNG'),
('1306021001', '1306021', 'TOBOH GADANG'),
('1306021002', '1306021', 'SINTUK'),
('1306021003', '1306021', 'TOBOH GADANG BARAT'),
('1306021004', '1306021', 'TOBOH GADANG SELATAN'),
('1306021005', '1306021', 'TOBOH GADANG TIMUR'),
('1306030001', '1306030', 'TAPAKIS'),
('1306030002', '1306030', 'ULAKAN'),
('1306030003', '1306030', 'SEULAYAT ULAKAN'),
('1306030004', '1306030', 'SUNGAI GIMBA ULAKAN'),
('1306030005', '1306030', 'MANGGOPOH PALAK GADANG ULAKAN'),
('1306030006', '1306030', 'SANDI ULAKAN'),
('1306030007', '1306030', 'KAMPUANG GALAPUANG ULAKAN'),
('1306030008', '1306030', 'PADANG TOBOH ULAKAN'),
('1306040001', '1306040', 'SUNUA'),
('1306040002', '1306040', 'PADANG BINTUNGAN'),
('1306040003', '1306040', 'PAUAH KAMBA'),
('1306040004', '1306040', 'KAPALO KOTO'),
('1306040005', '1306040', 'KURAI TAJI'),
('1306040006', '1306040', 'SUNUR BARAT'),
('1306040007', '1306040', 'SUNUR TENGAH'),
('1306040008', '1306040', 'PADANG KANDANG PULAU AIR PADANG BIN'),
('1306040009', '1306040', 'KURAI TAJI TIMUR'),
('1306050001', '1306050', 'LUBUK PANDAN'),
('1306050002', '1306050', 'SICINCIN'),
('1306050003', '1306050', 'SUNGAI ASAM'),
('1306051001', '1306051', 'KOTO TINGGI'),
('1306051002', '1306051', 'GADUA'),
('1306051003', '1306051', 'TOBOH KETEK'),
('1306051004', '1306051', 'PAKANDANGAN'),
('1306051005', '1306051', 'PARIK MALINTANG'),
('1306052001', '1306052', 'KAPALO HILALANG'),
('1306052002', '1306052', 'KAYU TANAM'),
('1306052003', '1306052', 'GUGUAK'),
('1306052004', '1306052', 'ANDURING'),
('1306060001', '1306060', 'BALAH AIA'),
('1306060002', '1306060', 'LAREH NAN PANJANG'),
('1306060003', '1306060', 'LURAH AMPALU'),
('1306060004', '1306060', 'SUNGAI SARIAK'),
('1306060005', '1306060', 'BALAH AIE TIMUR'),
('1306060006', '1306060', 'BALAH AIE UTARA'),
('1306060007', '1306060', 'LAREH NAN PANJANG SELATAN'),
('1306060008', '1306060', 'LAREH NAN PANJANG BARAT'),
('1306060009', '1306060', 'LIMPATO SUNGAI SARIAK'),
('1306060010', '1306060', 'BISATI SUNGAI SARIAK'),
('1306060011', '1306060', 'LAREH NAN PANJANG SUNGAI SARIAK'),
('1306060012', '1306060', 'AMBUANG KAPUA SUNGAI SARIAK'),
('1306061001', '1306061', 'SUNGAI DURIAN'),
('1306061002', '1306061', 'TANDIKAT'),
('1306061003', '1306061', 'TANDIKAT UTARA'),
('1306061004', '1306061', 'KAMPUANG TANJUANG KOTO MAMBANG SUNG'),
('1306061005', '1306061', 'TANDIKAT SELATAN'),
('1306061006', '1306061', 'TANDIKAT BARAT'),
('1306062001', '1306062', 'KOTO DALAM'),
('1306062002', '1306062', 'BATU KALANG'),
('1306062003', '1306062', 'KOTO BARU'),
('1306062004', '1306062', 'KOTO DALAM BARAT'),
('1306062005', '1306062', 'KOTO DALAM SELATAN'),
('1306062006', '1306062', 'BATU KALANG UTARA'),
('1306070001', '1306070', 'CAMPAGO'),
('1306070002', '1306070', 'SIKUCUR'),
('1306070003', '1306070', 'CAMPAGO SELATAN'),
('1306070004', '1306070', 'CAMPAGO BARAT'),
('1306070005', '1306070', 'SIKUCUR TENGAH'),
('1306070006', '1306070', 'SIKUCUR BARAT'),
('1306070007', '1306070', 'SIKUCUR UTARA'),
('1306070008', '1306070', 'SIKUCUR TIMUR'),
('1306071001', '1306071', 'LIMAU PURUIK'),
('1306071002', '1306071', 'KUDU GANTIANG'),
('1306071003', '1306071', 'GUNUNG PADANG ALAI'),
('1306071004', '1306071', 'KUDU GANTIANG BARAT'),
('1306080001', '1306080', 'PILUBANG'),
('1306080002', '1306080', 'KURANJI HILIR'),
('1306080003', '1306080', 'KOTO TINGGI KURANJI HILIR'),
('1306080004', '1306080', 'GUGUAK KURANJI HILIR'),
('1306081001', '1306081', 'GASAN GADANG'),
('1306081002', '1306081', 'MALAI V SUKU'),
('1306081003', '1306081', 'MALAI V SUKU TIMUR'),
('1306090001', '1306090', 'KURANJI HULU'),
('1306090002', '1306090', 'MALAI III KOTO'),
('1306090003', '1306090', 'BATU GADANG KURANJI HULU'),
('1306090004', '1306090', 'SUNGAI SIRAH KURANJI HULU'),
('1306100001', '1306100', 'III KOTO AUR MALINTANG'),
('1306100002', '1306100', 'III KOTO AUR MALINTANG SELATAN'),
('1306100003', '1306100', 'III KOTO AUR MALINTANG TIMUR'),
('1306100004', '1306100', 'III KOTO AUR MALINTANG UTARA'),
('1306100005', '1306100', 'BALAI BAIK MALAI III KOTO'),
('1307050002', '1307050', 'BALINGKA'),
('1309070001', '1309070', 'KOTO KACIAK'),
('1309070002', '1309070', 'LIMO KOTO'),
('1309070003', '1309070', 'GANGGO HILIA'),
('1309070004', '1309070', 'GANGGO MUDIAK'),
('1309071001', '1309071', 'BINJAI'),
('1309071002', '1309071', 'LADANG PANJANG'),
('1309071003', '1309071', 'MALAMPAH'),
('1309072001', '1309072', 'ALAHAN MATI'),
('1309072002', '1309072', 'SIMPANG'),
('1309080001', '1309080', 'TANJUNG BERINGIN'),
('1309080002', '1309080', 'JAMBAK'),
('1309080003', '1309080', 'DURIAN TINGGI'),
('1309080004', '1309080', 'PAUAH'),
('1309080005', '1309080', 'AIA MANGGIH'),
('1309080006', '1309080', 'SUNDATA'),
('1309100001', '1309100', 'CUBADAK'),
('1309100002', '1309100', 'SIMPANG TONANG'),
('1309110001', '1309110', 'PANTI'),
('1309110002', '1309110', 'PANTI SELATAN'),
('1309110003', '1309110', 'PANTI TIMUR'),
('1309111001', '1309111', 'PADANG GALUGUA'),
('1309111002', '1309111', 'PERSIAPAN BAHAGIA PADANG GALUGUA'),
('1309111003', '1309111', 'PERSIAPAN SITOMBOL PADANG GALUGUA'),
('1309111004', '1309111', 'PERSIAPAN SONTANG CUBADAK'),
('1309121001', '1309121', 'TARUANG-TARUANG'),
('1309121002', '1309121', 'PADANG MANTINGGI'),
('1309122001', '1309122', 'LUBUAK GADANG'),
('1309122002', '1309122', 'PINTU PADANG'),
('1309122003', '1309122', 'MUARO TAIS'),
('1309123001', '1309123', 'MUARO SEI LOLO'),
('1309123002', '1309123', 'SILAYANG'),
('1309124001', '1309124', 'LANSEK KADOK'),
('1309124002', '1309124', 'TANJUNG BETUNG'),
('1309124003', '1309124', 'LUBUAK LAYANG'),
('1309125001', '1309125', 'KOTO NOPAN'),
('1309125002', '1309125', 'KOTO RAJO'),
('1309125003', '1309125', 'LANGUANG'),
('1310010001', '1310010', 'LUBUK GADANG'),
('1310010002', '1310010', 'LUBUK GADANG TIMUR'),
('1310010003', '1310010', 'LUBUK GADANG SELATAN'),
('1310010004', '1310010', 'LUBUK GADANG UTARA'),
('1310020001', '1310020', 'LUBUK MALAKO'),
('1310020002', '1310020', 'PADANG AIR DINGIN'),
('1310020003', '1310020', 'BIDAR ALAM'),
('1310020004', '1310020', 'PADANG LIMAU SUNDAI'),
('1310020005', '1310020', 'PADANG GANTIANG'),
('1310021001', '1310021', 'SUNGAI KUNYIT'),
('1310021002', '1310021', 'TALUNAN MAJU'),
('1310021003', '1310021', 'TALAO SUNGAI KUNYIT'),
('1310021004', '1310021', 'SUNGAI KUNYIT BARAT'),
('1310030001', '1310030', 'ABAI'),
('1310030002', '1310030', 'RANAH PANTAI CERMIN'),
('1310030003', '1310030', 'DUSUN TANGAH'),
('1310030004', '1310030', 'SITAPUS'),
('1310030005', '1310030', 'LUBUK ULANG ALING'),
('1310030006', '1310030', 'LUBUK ULANG ALING SELATAN'),
('1310030007', '1310030', 'LUBUK ULANG ALING TENGAH'),
('1310040001', '1310040', 'KOTO BARU'),
('1310040002', '1310040', 'PASAR MUARA LABUH'),
('1310040003', '1310040', 'PULAKEK KOTO BARU'),
('1310040004', '1310040', 'SAKO PASIA TALANG'),
('1310040005', '1310040', 'PASIR TALANG'),
('1310040006', '1310040', 'BOMAS'),
('1310040007', '1310040', 'SAKO SELATAN PASIA TALANG'),
('1310040008', '1310040', 'SAKO UTARA PASIA TALANG'),
('1310040009', '1310040', 'PASIR TALANG SELATAN'),
('1310040010', '1310040', 'PASIR TALANG BARAT'),
('1310040011', '1310040', 'PASIR TALANG TIMUR'),
('1310041001', '1310041', 'ALAM PAUH DUO'),
('1310041002', '1310041', 'KAPAU ALAM PAUH DUO'),
('1310041003', '1310041', 'LUAK KAPAU ALAM PAUH DUO'),
('1310041004', '1310041', 'PAUH DUO NAN BATIGO'),
('1310050001', '1310050', 'PAKAN RABAA'),
('1310050002', '1310050', 'PAKAN RABAA TIMUR'),
('1310050003', '1310050', 'PAKAN RABAA UTARA'),
('1310050004', '1310050', 'PAKAN RABAA TENGAH'),
('1311010005', '1311010', 'SUNGAI RUMBAI'),
('1311010006', '1311010', 'KURNIA KOTO SALAK'),
('1311010007', '1311010', 'SUNGAI RUMBAI TIMUR'),
('1311010008', '1311010', 'KURNIA SELATAN'),
('1311011001', '1311011', 'KOTO GADANG'),
('1311011002', '1311011', 'KOTO TINGGI'),
('1311011003', '1311011', 'BONJOL'),
('1311011004', '1311011', 'ABAI SIAT'),
('1311011005', '1311011', 'KOTO BESAR'),
('1311011006', '1311011', 'KOTO LAWEH'),
('1311011007', '1311011', 'KOTO RANAH'),
('1311012001', '1311012', 'LUBUK BESAR'),
('1311012002', '1311012', 'ALAHAN NAN TIGO'),
('1311012003', '1311012', 'SUNGAI LIMAU'),
('1311012004', '1311012', 'SINAMAR'),
('1311012005', '1311012', 'TANJUNG ALAM'),
('1311020001', '1311020', 'AMPANG KURANJI'),
('1311020003', '1311020', 'KOTO BARU'),
('1311020005', '1311020', 'SIALANG GAUNG'),
('1311020008', '1311020', 'KOTO PADANG'),
('1311021001', '1311021', 'PADUKUAN'),
('1311021002', '1311021', 'PULAU MAINAN'),
('1311021003', '1311021', 'SIMALIDU'),
('1311021004', '1311021', 'KOTO SALAK'),
('1311021005', '1311021', 'AMPALU'),
('1311022001', '1311022', 'KOTO BERINGIN'),
('1311022002', '1311022', 'SIPANGKUR'),
('1311022003', '1311022', 'SUNGAI LANGKOK'),
('1311022004', '1311022', 'TIUMANG'),
('1311023001', '1311023', 'BATU RIJAL'),
('1311023002', '1311023', 'MUARO SOPAN'),
('1311023003', '1311023', 'PADANG LAWEH'),
('1311023004', '1311023', 'SOPAN JAYA'),
('1311030001', '1311030', 'SITIUNG'),
('1311030002', '1311030', 'SIGUNTUR'),
('1311030004', '1311030', 'GUNUNG MEDAN'),
('1311030005', '1311030', 'SUNGAI DUO'),
('1311031001', '1311031', 'PANYUBARANGAN'),
('1311031002', '1311031', 'TABEK'),
('1311031003', '1311031', 'TIMPEH'),
('1311031004', '1311031', 'TARATAK TINGGI'),
('1311031005', '1311031', 'RANAH PALABI'),
('1311040003', '1311040', 'IV KOTO PULAU PUNJUNG'),
('1311040004', '1311040', 'SUNGAI DAREH'),
('1311040005', '1311040', 'TEBING TINGGI'),
('1311040006', '1311040', 'SUNGAI KAMBUT'),
('1311040007', '1311040', 'GUNUNG SELASIH'),
('1311040008', '1311040', 'SIKABAU'),
('1311041001', '1311041', 'BANAI'),
('1311041002', '1311041', 'LUBUK KARAK'),
('1311041003', '1311041', 'SILAGO'),
('1311041004', '1311041', 'KOTO NAN IV DIBAWUAH'),
('1312010001', '1312010', 'AIA BANGIH'),
('1312020001', '1312020', 'DESA BARU'),
('1312020002', '1312020', 'BATAHAN'),
('1312030001', '1312030', 'PARIK'),
('1312040001', '1312040', 'SUNGAI AUA'),
('1312050001', '1312050', 'UJUANG GADIANG'),
('1312060001', '1312060', 'MUARO KIAWAI'),
('1312060002', '1312060', 'RABI JONGOR'),
('1312070001', '1312070', 'KAJAI'),
('1312070002', '1312070', 'TALU'),
('1312070003', '1312070', 'SINURUIK'),
('1312080001', '1312080', 'LINGKUANG AUA'),
('1312080002', '1312080', 'AUA KUNIANG'),
('1312080003', '1312080', 'AIA GADANG'),
('1312090001', '1312090', 'KOTO BARU'),
('1312090002', '1312090', 'KAPA'),
('1312100001', '1312100', 'SASAK'),
('1312110001', '1312110', 'KATIAGAN'),
('1312110002', '1312110', 'KINALI'),
('1371010001', '1371010', 'TELUK KABUNG SELATAN'),
('1371010007', '1371010', 'BUNGUS SELATAN'),
('1371010014', '1371010', 'TELUK KABUNG TENGAH'),
('1371010015', '1371010', 'TELUK KABUNG UTARA'),
('1371010016', '1371010', 'BUNGUS TIMUR'),
('1371010017', '1371010', 'BUNGUS BARAT'),
('1371020001', '1371020', 'TARANTANG'),
('1371020002', '1371020', 'BERINGIN'),
('1371020003', '1371020', 'BATU GADANG'),
('1371020004', '1371020', 'INDARUNG'),
('1371020005', '1371020', 'PADANG BESI'),
('1371020006', '1371020', 'KOTO LALANG'),
('1371020007', '1371020', 'BANDAR BUAT'),
('1371030007', '1371030', 'KAMPUNG BARU NAN XX'),
('1371030010', '1371030', 'PAMPANGAN NAN XX'),
('1371030011', '1371030', 'KOTO BARU NAN XX'),
('1371030012', '1371030', 'TANJUANG AUR NAN XX'),
('1371030013', '1371030', 'GURUN LAWEH NAN XX'),
('1371030014', '1371030', 'BANUARAN NAN XX'),
('1371030016', '1371030', 'LUBUK BEGALUNG NAN XX'),
('1371030020', '1371030', 'CENGKEH NAN XX'),
('1371030022', '1371030', 'GATES NAN XX'),
('1371030023', '1371030', 'PAGAMBIRAN AMPULU NAN XX'),
('1371030025', '1371030', 'PARAK LAWEH PULAU AIR NAN XX'),
('1371030026', '1371030', 'TANJUNG SABA PITAMEH NAN XX'),
('1371030027', '1371030', 'TANAH SIRAH PIAI NAN XX'),
('1371030028', '1371030', 'KAMPUNG JUA NAN XX'),
('1371030029', '1371030', 'BATUANG TABA NAN XX'),
('1371040003', '1371040', 'AIR MANIS'),
('1371040008', '1371040', 'BUKIK GADO GADO'),
('1371040010', '1371040', 'BATANG ARAU'),
('1371040011', '1371040', 'SEBERANG PALINGGAM'),
('1371040016', '1371040', 'PASA GADANG'),
('1371040021', '1371040', 'BELAKANG PONDOK'),
('1371040024', '1371040', 'ALANG LAWEH'),
('1371040025', '1371040', 'TALUAK BAYUA'),
('1371040026', '1371040', 'RAWANG'),
('1371040027', '1371040', 'MATO AIE'),
('1371040028', '1371040', 'SEBERANG PADANG'),
('1371040029', '1371040', 'RANAH PARAK RUMBIO'),
('1371050020', '1371050', 'SAWAHAN'),
('1371050028', '1371050', 'GANTING PARAK GADANG'),
('1371050029', '1371050', 'PARAK GADANG TIMUR'),
('1371050030', '1371050', 'KUBU MARAPALAM'),
('1371050031', '1371050', 'KUBU PARAK KARAKAH'),
('1371050032', '1371050', 'ANDALAS'),
('1371050033', '1371050', 'SIMPANG HARU'),
('1371050034', '1371050', 'SAWAHAN TIMUR'),
('1371050035', '1371050', 'JATI BARU'),
('1371050036', '1371050', 'JATI'),
('1371060010', '1371060', 'BELAKANG TANGSI'),
('1371060013', '1371060', 'OLO'),
('1371060023', '1371060', 'UJUNG GURUN'),
('1371060031', '1371060', 'BEROK NIPAH'),
('1371060032', '1371060', 'KAMPUNG PONDOK'),
('1371060033', '1371060', 'KAMPUNG JAO'),
('1371060034', '1371060', 'PURUS'),
('1371060035', '1371060', 'PADANG PASIR'),
('1371060036', '1371060', 'RIMBO KALUANG'),
('1371060037', '1371060', 'FLAMBOYAN BARU'),
('1371070005', '1371070', 'GUNUNG PANGILUN'),
('1371070010', '1371070', 'ULAK KARANG SELATAN'),
('1371070012', '1371070', 'ULAK KARANG UTARA'),
('1371070017', '1371070', 'AIR TAWAR TIMUR'),
('1371070018', '1371070', 'AIR TAWAR BARAT'),
('1371070019', '1371070', 'ALAI PARAK KOPI'),
('1371070020', '1371070', 'LOLONG BELANTI'),
('1371080001', '1371080', 'TABIANG BANDA GADANG'),
('1371080002', '1371080', 'GURUN LAWEH'),
('1371080003', '1371080', 'KAMPUNG OLO'),
('1371080005', '1371080', 'KAMPUNG LAPAI BARU'),
('1371080006', '1371080', 'SURAU GADANG'),
('1371080007', '1371080', 'KURAO PAGANG'),
('1371090001', '1371090', 'ANDURING'),
('1371090002', '1371090', 'PASAR AMBACANG'),
('1371090003', '1371090', 'LUBUK LINTAH'),
('1371090004', '1371090', 'AMPANG'),
('1371090005', '1371090', 'KALUMBUK'),
('1371090006', '1371090', 'KORONG GADANG'),
('1371090007', '1371090', 'KURANJI'),
('1371090008', '1371090', 'GUNUNG SARIK'),
('1371090009', '1371090', 'SUNGAI SAPIH'),
('1371100001', '1371100', 'PISANG'),
('1371100002', '1371100', 'BINUANG KAMPUNG DALAM'),
('1371100003', '1371100', 'PIAI TANGAH'),
('1371100004', '1371100', 'CUPAK TANGAH'),
('1371100005', '1371100', 'KAPALA KOTO'),
('1371100008', '1371100', 'KOTO LUAR'),
('1371100013', '1371100', 'LAMBUNG BUKIT'),
('1371100014', '1371100', 'LIMAU MANIS SELATAN'),
('1371100015', '1371100', 'LIMAU MANIS'),
('1371110001', '1371110', 'DADOK TUNGGUL HITAM'),
('1371110002', '1371110', 'AIR PACAH'),
('1371110004', '1371110', 'LUBUK MINTURUN'),
('1371110007', '1371110', 'BUNGO PASANG'),
('1371110008', '1371110', 'PARUPUK TABING'),
('1371110012', '1371110', 'BATANG KABUNG'),
('1371110021', '1371110', 'LUBUK BUAYA'),
('1371110023', '1371110', 'PADANG SARAI'),
('1371110025', '1371110', 'KOTO PANJANG IKUA KOTO'),
('1371110026', '1371110', 'PASIR NAN TIGO'),
('1371110027', '1371110', 'KOTO PULAI'),
('1371110028', '1371110', 'BALAI GADANG'),
('1371110029', '1371110', 'BATIPUH PANJANG'),
('1372010001', '1372010', 'TANAH GARAM'),
('1372010002', '1372010', 'VI SUKU'),
('1372010003', '1372010', 'SINAPA PILIANG'),
('1372010004', '1372010', 'IX KORONG'),
('1372010005', '1372010', 'KAMPAI TABU KERAMBIL'),
('1372010006', '1372010', 'ARO IV KORONG'),
('1372010007', '1372010', 'SIMPANG RUMBIO'),
('1372020001', '1372020', 'KOTO PANJANG'),
('1372020002', '1372020', 'PASAR PANDAN AIR MATI'),
('1372020003', '1372020', 'TANJUNG PAKU'),
('1372020004', '1372020', 'NAN BALIMO'),
('1372020005', '1372020', 'KAMPUNG JAWA'),
('1372020006', '1372020', 'LAING'),
('1373010001', '1373010', 'SILUNGKANG OSO'),
('1373010002', '1373010', 'TARATAK BANCAH'),
('1373010003', '1373010', 'MUARO KALABAN'),
('1373010004', '1373010', 'SILUNGKANG TIGO'),
('1373010005', '1373010', 'SILUNGKANG DUO'),
('1373020001', '1373020', 'LUNTO BARAT'),
('1373020002', '1373020', 'LUNTO TIMUR'),
('1373020003', '1373020', 'PASAR KUBANG'),
('1373020004', '1373020', 'KUBANG TANGAH'),
('1373020005', '1373020', 'KUBANG UTARA SIKABU'),
('1373020006', '1373020', 'PASAR'),
('1373020007', '1373020', 'KUBANG SIRAKUK UTARA'),
('1373020008', '1373020', 'KUBANG SIRAKUK SELATAN'),
('1373020009', '1373020', 'AUR MULYO'),
('1373020010', '1373020', 'TANAH LAPANG'),
('1373020011', '1373020', 'AIR DINGIN'),
('1373030001', '1373030', 'LUMINDAI'),
('1373030002', '1373030', 'BALAI BATU SANDARAN'),
('1373030003', '1373030', 'SARINGAN'),
('1373030004', '1373030', 'LUBANG PANJANG'),
('1373030005', '1373030', 'DURIAN I'),
('1373030006', '1373030', 'DURIAN II'),
('1373030007', '1373030', 'TALAGO GUNUNG'),
('1373030008', '1373030', 'SANTUR'),
('1373030009', '1373030', 'KOLOK MUDIK'),
('1373030010', '1373030', 'KOLOK NAN TUO'),
('1373040001', '1373040', 'SIKALANG'),
('1373040002', '1373040', 'RANTIH'),
('1373040003', '1373040', 'SALAK'),
('1373040004', '1373040', 'SIJANTANG KOTO'),
('1373040005', '1373040', 'TALAWI HILIR'),
('1373040006', '1373040', 'TALAWI MUDIK'),
('1373040007', '1373040', 'BUKIK GADANG'),
('1373040008', '1373040', 'BATU TANJUNG'),
('1373040009', '1373040', 'KUMBAYAU'),
('1373040010', '1373040', 'DATAR MANSIANG'),
('1373040011', '1373040', 'TUMPUK TANGAH'),
('1374010001', '1374010', 'SILAING BAWAH'),
('1374010002', '1374010', 'SILAING ATAS'),
('1374010003', '1374010', 'PASAR USANG'),
('1374010004', '1374010', 'KAMPUNG  MANGGIS'),
('1374010005', '1374010', 'TANAH HITAM'),
('1374010006', '1374010', 'PASAR BARU'),
('1374010007', '1374010', 'BUKIT SURUNGAN'),
('1374010008', '1374010', 'BALAI-BALAI'),
('1374020001', '1374020', 'KOTO PANJANG'),
('1374020002', '1374020', 'KOTO KATIK'),
('1374020003', '1374020', 'NGALAU'),
('1374020004', '1374020', 'EKOR LUBUK'),
('1374020005', '1374020', 'SIGANDO'),
('1374020006', '1374020', 'GANTING'),
('1374020007', '1374020', 'GUGUK  MALINTANG'),
('1374020008', '1374020', 'TANAH  PAK LAMBIK'),
('1375010001', '1375010', 'BUKIT CANGANG KAYU RAMANG'),
('1375010002', '1375010', 'TAROK DIPO'),
('1375010003', '1375010', 'PAKAN KURAI'),
('1375010004', '1375010', 'AUR TAJUNGKANG TENGAH SAWAH'),
('1375010005', '1375010', 'BENTENG PASAR ATAS'),
('1375010006', '1375010', 'KAYU KUBU'),
('1375010007', '1375010', 'BUKIT APIT PUHUN'),
('1375020001', '1375020', 'PULAI ANAK AIR'),
('1375020002', '1375020', 'KOTO SELAYAN'),
('1375020003', '1375020', 'GAREGEH'),
('1375020004', '1375020', 'MANGGIS GANTING'),
('1375020005', '1375020', 'CAMPAGO IPUH'),
('1375020006', '1375020', 'PUHUN TEMBOK'),
('1375020007', '1375020', 'PUHUN PINTU KABUN'),
('1375020008', '1375020', 'KUBU GULAI BANCAH'),
('1375020009', '1375020', 'CAMPAGO GUGUK BULEK'),
('1375030001', '1375030', 'BELAKANG BALOK'),
('1375030002', '1375030', 'SAPIRAN'),
('1375030003', '1375030', 'BIRUGO'),
('1375030004', '1375030', 'AUR KUNING'),
('1375030005', '1375030', 'PAKAN LABUH'),
('1375030006', '1375030', 'KUBU TANJUNG'),
('1375030007', '1375030', 'LADANG CAKIAH'),
('1375030008', '1375030', 'PARIT ANTANG'),
('1376010010', '1376010', 'PAKAN SINAYAN'),
('1376010011', '1376010', 'KUBU GADANG'),
('1376010012', '1376010', 'BULAKAN BALAI KANDI'),
('1376010013', '1376010', 'TANJUANG PAUAH'),
('1376010014', '1376010', 'IBUAH'),
('1376010015', '1376010', 'LABUAH BASILANG'),
('1376010018', '1376010', 'PARAK BATUANG'),
('1376010019', '1376010', 'PARIK RANTANG'),
('1376010025', '1376010', 'PAYOLANSEK'),
('1376010027', '1376010', 'TANAH MATI'),
('1376010028', '1376010', 'PADANG DATA'),
('1376010029', '1376010', 'SUBARANG BATUANG'),
('1376010030', '1376010', 'KOTO TANGAH'),
('1376010031', '1376010', 'TALANG'),
('1376010032', '1376010', 'NUNANG DAYA BANGUN'),
('1376010033', '1376010', 'PADANG TINGGI PILIANG'),
('1376010034', '1376010', 'PADANGTONGAH BALAINANDUO'),
('1376010035', '1376010', 'TANJUANGGODANG SUNGAIPINAGO'),
('1376011001', '1376011', 'BALAI PANJANG'),
('1376011002', '1376011', 'LIMBUKAN'),
('1376011004', '1376011', 'PADANG KARAMBIA'),
('1376011010', '1376011', 'KOTOTUO LIMOKAMPUANG'),
('1376011011', '1376011', 'KAPALO KOTO AMPANGAN'),
('1376011012', '1376011', 'SAWAHPADANG AUA KUNIANG'),
('1376020005', '1376020', 'PADANG TANGAH PAYOBADA'),
('1376020006', '1376020', 'BALAI JARING'),
('1376020012', '1376020', 'PAYOBASUNG'),
('1376020013', '1376020', 'KOTO PANJANG'),
('1376020014', '1376020', 'KOTO BARU'),
('1376020015', '1376020', 'PADANG ALAI BODI'),
('1376020016', '1376020', 'PADANG TIAKAR'),
('1376020017', '1376020', 'SICINCIN'),
('1376020018', '1376020', 'TIAKAR'),
('1376030005', '1376030', 'NAPAR'),
('1376030029', '1376030', 'OMPANG TANAH SIRAH'),
('1376030030', '1376030', 'TARATAK PADANG KAMPUANG'),
('1376030031', '1376030', 'TIGO KOTO DIBARUAH'),
('1376030032', '1376030', 'TIGO KOTO DIATE'),
('1376030033', '1376030', 'KAPALO KOTO DIBALAI'),
('1376030034', '1376030', 'KOTOKOCIAK KUBU TAPAKRAJO'),
('1376030035', '1376030', 'BALAI TONGAH KOTO'),
('1376030036', '1376030', 'IKUA KOTO DIBALAI'),
('1376031001', '1376031', 'KOTO PANJANG PADANG'),
('1376031002', '1376031', 'KOTO PANJANG DALAM'),
('1376031003', '1376031', 'PARAMBAHAN'),
('1376031004', '1376031', 'PADANG SIKABU'),
('1376031005', '1376031', 'PARIT MUKO AIE'),
('1376031006', '1376031', 'SUNGAI DURIAN'),
('1377010001', '1377010', 'PASIR SUNUR'),
('1377010002', '1377010', 'MARUNGGI'),
('1377010003', '1377010', 'KAMPUNG APAR'),
('1377010004', '1377010', 'SIKABU'),
('1377010005', '1377010', 'PALAK ANEH'),
('1377010006', '1377010', 'PADANG CAKUR'),
('1377010007', '1377010', 'TALUK'),
('1377010008', '1377010', 'MARABAU'),
('1377010009', '1377010', 'SUNGAI KASAI'),
('1377010010', '1377010', 'BATANG TAJONGKEK'),
('1377010011', '1377010', 'BALAI KURAI TAJI'),
('1377010012', '1377010', 'PAUH KURAI TAJI'),
('1377010013', '1377010', 'SIMPANG'),
('1377010014', '1377010', 'TOBOH PALABAH'),
('1377010018', '1377010', 'RAMBAI'),
('1377010019', '1377010', 'PUNGGUNG LADING'),
('1377020001', '1377020', 'KARAN AUR'),
('1377020002', '1377020', 'JALAN BARU'),
('1377020003', '1377020', 'UJUNG BATUNG'),
('1377020004', '1377020', 'JALAN KERETA API'),
('1377020005', '1377020', 'CIMPARUH'),
('1377020006', '1377020', 'ALAI GELOMBANG'),
('1377020007', '1377020', 'TARATAK'),
('1377020008', '1377020', 'KAMPUNG BARU'),
('1377020009', '1377020', 'LOHONG'),
('1377020010', '1377020', 'PASIR'),
('1377020011', '1377020', 'KAMPUNG PERAK'),
('1377020012', '1377020', 'PONDOK II'),
('1377020013', '1377020', 'JAWI-JAWI I'),
('1377020014', '1377020', 'JAWI-JAWI II'),
('1377020015', '1377020', 'KAMPUNG JAWA II'),
('1377020016', '1377020', 'KAMPUNG JAWA I'),
('1377020017', '1377020', 'KAMPUNG PONDOK'),
('1377020018', '1377020', 'PAUH BARAT'),
('1377020019', '1377020', 'PAUH TIMUR'),
('1377020020', '1377020', 'RAWANG');

-- --------------------------------------------------------

--
-- Table structure for table `user`
--

CREATE TABLE `user` (
  `kd_us` varchar(15) NOT NULL,
  `nm_us` varchar(35) NOT NULL,
  `tgl_lhr` date NOT NULL,
  `jk` enum('Laki-laki','Perempuan') NOT NULL DEFAULT 'Laki-laki',
  `alm` text NOT NULL,
  `nohp` varchar(13) NOT NULL,
  `email` varchar(35) NOT NULL,
  `group_operator` varchar(4) NOT NULL,
  `level` enum('Operator','Supervisor','Pimpinan','Petugas') NOT NULL,
  `username` varchar(20) NOT NULL,
  `password` varchar(100) NOT NULL,
  `foto` text NOT NULL
) ENGINE=InnoDB DEFAULT CHARSET=latin1;

--
-- Dumping data for table `user`
--

INSERT INTO `user` (`kd_us`, `nm_us`, `tgl_lhr`, `jk`, `alm`, `nohp`, `email`, `group_operator`, `level`, `username`, `password`, `foto`) VALUES
('Us3242342', 'Operator Coba', '1954-02-04', 'Laki-laki', 'sadasdasdasda', 'sdasdasdsadsa', 'asdasdsad@gmail', 'B', 'Operator', 'operator', '4b583376b2767b923c3e1da60d10de59', 'user.png'),
('Us32426', 'Supervisor Coba', '1954-02-04', 'Laki-laki', 'sadasdasdasda', 'sdasdasdsadsa', 'asdasdsad@gmail', 'III', 'Supervisor', 'supervisor', '202cb962ac59075b964b07152d234b70', 'user.png'),
('Us4534', 'Dewi', '1954-02-04', 'Perempuan', 'Dewi', 'sdasdasdsadsa', 'asdasdsad@gmail', 'B', 'Petugas', 'petugas', 'afb91ef692fd08c445e8cb1bab2ccf9c', 'user.png'),
('Us453455', 'Pimpinan Coba', '1954-02-04', 'Laki-laki', 'sadasdasdasda', 'sdasdasdsadsa', 'asdasdsad@gmail', 'B', 'Pimpinan', 'pimpinan', '202cb962ac59075b964b07152d234b70', 'user.png'),
('US475695', 'sadasd', '1963-09-15', 'Laki-laki', 'asdasd', '43534534', 'dfsdfsd@gmail.com', 'II', 'Supervisor', 'asdasd', 'bff149a0b87f5b0e00d9dd364e9ddaa0', 'user.png');

--
-- Indexes for dumped tables
--

--
-- Indexes for table `bencana`
--
ALTER TABLE `bencana`
  ADD PRIMARY KEY (`kd_bencana`),
  ADD KEY `kd_operator` (`kd_operator`),
  ADD KEY `kd_jenis` (`kd_jenis`),
  ADD KEY `kd_jenis2` (`kd_jenis2`);

--
-- Indexes for table `berita`
--
ALTER TABLE `berita`
  ADD PRIMARY KEY (`kd_berita`);

--
-- Indexes for table `jenis_bencana`
--
ALTER TABLE `jenis_bencana`
  ADD PRIMARY KEY (`kd_jenis`);

--
-- Indexes for table `jorong`
--
ALTER TABLE `jorong`
  ADD PRIMARY KEY (`kd_jor`);

--
-- Indexes for table `kabupaten`
--
ALTER TABLE `kabupaten`
  ADD PRIMARY KEY (`kd_kab`);

--
-- Indexes for table `kecamatan`
--
ALTER TABLE `kecamatan`
  ADD PRIMARY KEY (`kd_kec`);

--
-- Indexes for table `nagari`
--
ALTER TABLE `nagari`
  ADD PRIMARY KEY (`kd_nag`);

--
-- Indexes for table `user`
--
ALTER TABLE `user`
  ADD PRIMARY KEY (`kd_us`);

--
-- Constraints for dumped tables
--

--
-- Constraints for table `bencana`
--
ALTER TABLE `bencana`
  ADD CONSTRAINT `bencana_ibfk_1` FOREIGN KEY (`kd_jenis`) REFERENCES `jenis_bencana` (`kd_jenis`) ON DELETE SET NULL ON UPDATE SET NULL,
  ADD CONSTRAINT `bencana_ibfk_2` FOREIGN KEY (`kd_jenis2`) REFERENCES `jenis_bencana` (`kd_jenis`) ON DELETE SET NULL ON UPDATE SET NULL,
  ADD CONSTRAINT `bencana_ibfk_7` FOREIGN KEY (`kd_operator`) REFERENCES `user` (`kd_us`) ON DELETE SET NULL ON UPDATE SET NULL;
COMMIT;

/*!40101 SET CHARACTER_SET_CLIENT=@OLD_CHARACTER_SET_CLIENT */;
/*!40101 SET CHARACTER_SET_RESULTS=@OLD_CHARACTER_SET_RESULTS */;
/*!40101 SET COLLATION_CONNECTION=@OLD_COLLATION_CONNECTION */;
